"label";"First Name";"Last Name";"Login";"Mail";"password"
"TAO Jérôme Bogaerts";"Jérôme";"Bogaerts";"jbogaerts";"jerome.bogaerts@tudor.lu";"jbogaerts"
"TAO Patrick Plichart";"Patrick";"Plichart";"pplichart";"patrick.plichart@tudor.lu";"pplichart"
"TAO Raynald Jadoul";"Raynald";"Jadoul";"rjadoul";"raynald.jadoul@tudor.lu";"rjadoul"
"TAO Christophe Henri";"Christophe";"Henri";"chenri";"christophe.henri@tudor.lu";"chenry"
"TAO Isabelle Jars";"Isabelle";"Jars";"ijars";"isabelle.jars@tudor.lu";"ijars"
"TAO Thibaud Latour";"Thibaud";"Latour";"tlatour";"thibaud.latour@tudor.lu";"tlatour"
"TAO Luc Vandenabeele";"Luc";"Vandenabeele";"lvandenabeele";"luc.vandenabeele@tudor.lu";"lvandenabeele"
"TAO Laure Condé";"Laure";"Condé";"lconde";"laure.conde@tudor.lu";"lconde"
"TAO Karl Devooght";"Karl";"Devooght";"kdevooght";"karl.devooght@tudor.lu";"kdevooght"
"TAO Somsack Sipasseuth";"Somsack";"Sipasseuth";"ssipasseuth";"somsack.sipasseuth@tudor.lu";"ssipasseuth"
"TAO Cédric Alfonsi";"Cédric";"Alfonsi";"calfonsi";"cedric.alfonsi@tudor.lu";"calfonsi"
"TAO Joël Billard";"Joël";"Billard";"jbillard";"joel.billard@tudor.lu";"jbillard"
"TAO Vincent Porro";"Vincent";"Porro";"vporro";"vincent.porro@tudor.lu";"vporro"
"TAO Igor Ribassin";"Igor";"Ribassin";"iribassin";"igor.ribassin@tudor.lu";"iribassin"
"TAO Primaël Lorbat";"Primaël";"Lorbat";"plorbat";"primael.lorbat@tudor.lu";"plorbat"
"TAO Matteo Mellis";"Matteo";"Mellis";"mmellis";"matteo.mellis@tudor.lu";"mmellis"
